{"ARUNACHAL PRADESH": "ARUNACHAL PRADESH,49055,61943,20708", "ASSAM": "ASSAM,36797,38454,48857", "CHANDIGARH": "CHANDIGARH,37495,25981,99959", "CHHATTISGARH": "CHHATTISGARH,23341,24196,53149", "DELHI": "DELHI,74743,43466,94771", "GOA": "GOA,16366,85200,14978", "HARYANA": "HARYANA,28171,66377,28751", "HIMACHAL PRADESH": "HIMACHAL PRADESH,52973,11377,65309", "JHARKHAND": "JHARKHAND,93559,69129,51586", "KARNATAKA": "KARNATAKA,48024,28443,47524", "MANIPUR": "MANIPUR,57894,67541,27999", "MEGHALAYA": "MEGHALAYA,48038,71449,11287", "MIZORAM": "MIZORAM,40944,39579,81203", "NAGALAND": "NAGALAND,39537,16501,13989", "PUNJAB": "PUNJAB,67922,57556,53915", "RAJASTHAN": "RAJASTHAN,69368,20996,32822", "SIKKIM": "SIKKIM,61495,68596,94884", "TRIPURA": "TRIPURA,70901,25335,90639", "UTTARAKHAND": "UTTARAKHAND,17202,32716,25150", "TELANGANA": "TELANGANA,75096,15591,92296", "ANDAMAN & NICOBAR": "ANDAMAN & NICOBAR,76694,63013,97441", "BIHAR": "BIHAR,47156,40402,23880", "GUJARAT": "GUJARAT,35584,30520,90403", "KERALA": "KERALA,90051,91111,88255", "LAKSHADWEEP": "LAKSHADWEEP,41952,55751,20199", "MADHYA PRADESH": "MADHYA PRADESH,10843,81953,91394", "ODISHA": "ODISHA,31061,83469,59868", "TAMIL NADU": "TAMIL NADU,48452,44566,67296", "UTTAR PRADESH": "UTTAR PRADESH,69185,10731,31578", "WEST BENGAL": "WEST BENGAL,52065,34493,25632", "ANDHRA PRADESH": "ANDHRA PRADESH,81809,82152,59256", "PUDUCHERRY": "PUDUCHERRY,43333,23188,88559", "MAHARASHTRA": "MAHARASHTRA,68410,88668,68011", "DAMAN & DIU": "DAMAN & DIU,33720,38416,36235", "DADRA & NAGAR HAVELI": "DADRA & NAGAR HAVELI,26448,96628,41712", "LADAKH": "LADAKH,99132,13854,23062", "JAMMU & KASHMIR": "JAMMU & KASHMIR,86869,30439,87520"}